time,"31.2830162,75.6465072",channel frequency, channel magnitude, channel bandwidth
2024-05-31 23:54:51.368,"31.2830162,75.6465072",7e+07,-27.6767,39.0625
2024-05-31 23:54:51.491,"31.2830162,75.6465072",1.3e+08,-12.3388,45.166
2024-05-31 23:54:51.491,"31.2830162,75.6465072",1.3e+08,-16.8762,54.9316
2024-05-31 23:54:51.491,"31.2830162,75.6465072",1.3e+08,-14.9239,41.5039
2024-05-31 23:54:51.496,"31.2830162,75.6465072",1.5e+08,-26.9977,1357.42
2024-05-31 23:54:51.496,"31.2830162,75.6465072",1.5e+08,-23.1052,227.051
2024-05-31 23:54:51.501,"31.2830162,75.6465072",1.7e+08,-24.3782,2510.99
2024-05-31 23:54:51.501,"31.2830162,75.6465072",1.7e+08,-20.3579,1826.17
2024-05-31 23:54:51.501,"31.2830162,75.6465072",1.7e+08,-11.995,11095
2024-05-31 23:54:51.662,"31.2830162,75.6465072",2.1e+08,-27.8587,905.762
2024-05-31 23:54:51.662,"31.2830162,75.6465072",2.1e+08,-10.5805,12761.2
2024-05-31 23:54:51.698,"31.2830162,75.6465072",2.7e+08,-23.5807,3828.12
2024-05-31 23:54:51.704,"31.2830162,75.6465072",2.9e+08,-30.4471,64.6973
2024-05-31 23:54:51.704,"31.2830162,75.6465072",2.9e+08,-12.6046,7967.53
2024-05-31 23:54:51.869,"31.2830162,75.6465072",3.5e+08,-7.5811,12523.2
2024-05-31 23:54:51.890,"31.2830162,75.6465072",3.9e+08,-19.4571,205.078
2024-05-31 23:54:51.896,"31.2830162,75.6465072",4.1e+08,-8.44727,1910.4
2024-05-31 23:54:52.072,"31.2830162,75.6465072",4.9e+08,-22.4475,2083.74
2024-05-31 23:54:52.077,"31.2830162,75.6465072",5.1e+08,-34.6765,37.8418
2024-05-31 23:54:52.093,"31.2830162,75.6465072",5.5e+08,-22.3774,2250.98
2024-05-31 23:54:52.094,"31.2830162,75.6465072",5.5e+08,-8.10317,1977.54
2024-05-31 23:54:52.249,"31.2830162,75.6465072",5.7e+08,-42.7379,21.9727
2024-05-31 23:54:52.264,"31.2830162,75.6465072",6.1e+08,-25.0223,37.8418
2024-05-31 23:54:52.264,"31.2830162,75.6465072",6.1e+08,-27.1228,86.6699
2024-05-31 23:54:52.430,"31.2830162,75.6465072",6e+07,-20.8527,3109.13
2024-05-31 23:54:52.430,"31.2830162,75.6465072",6e+07,-28.395,40.2832
2024-05-31 23:54:52.442,"31.2830162,75.6465072",8e+07,-18.8711,1383.06
2024-05-31 23:54:52.442,"31.2830162,75.6465072",8e+07,-15.8975,37.8418
2024-05-31 23:54:52.447,"31.2830162,75.6465072",1e+08,-23.9368,1562.5
2024-05-31 23:54:52.621,"31.2830162,75.6465072",1.6e+08,-41.6768,162.354
2024-05-31 23:54:52.621,"31.2830162,75.6465072",1.6e+08,-46.0696,250.244
2024-05-31 23:54:52.621,"31.2830162,75.6465072",1.6e+08,-28.8881,36.6211
2024-05-31 23:54:52.625,"31.2830162,75.6465072",1.8e+08,-15.7835,4910.89
2024-05-31 23:54:52.636,"31.2830162,75.6465072",2e+08,-27.2382,14.6484
2024-05-31 23:54:52.636,"31.2830162,75.6465072",2e+08,-33.1035,177.002
2024-05-31 23:54:52.652,"31.2830162,75.6465072",2.6e+08,-28.7106,37.8418
2024-05-31 23:54:52.814,"31.2830162,75.6465072",2.8e+08,-32.9233,26.8555
2024-05-31 23:54:52.818,"31.2830162,75.6465072",3e+08,-29.8809,39.0625
2024-05-31 23:54:52.818,"31.2830162,75.6465072",3e+08,-29.899,2755.13
2024-05-31 23:54:52.828,"31.2830162,75.6465072",3.2e+08,-25.2038,37.8418
2024-05-31 23:54:52.840,"31.2830162,75.6465072",3.6e+08,-30.7808,39.0625
2024-05-31 23:54:52.840,"31.2830162,75.6465072",3.6e+08,-18.1562,1507.57
2024-05-31 23:54:52.840,"31.2830162,75.6465072",3.6e+08,-32.0955,35.4004
2024-05-31 23:54:53.000,"31.2830162,75.6465072",4e+08,-27.7957,9190.67
2024-05-31 23:54:53.025,"31.2830162,75.6465072",4.6e+08,-14.0015,7380.37
2024-05-31 23:54:53.029,"31.2830162,75.6465072",4.8e+08,-32.7693,36.6211
2024-05-31 23:54:53.029,"31.2830162,75.6465072",4.8e+08,-29.9275,37.8418
2024-05-31 23:54:53.034,"31.2830162,75.6465072",5e+08,-10.6055,2104.49
2024-05-31 23:54:53.208,"31.2830162,75.6465072",5.4e+08,-22.3769,1345.21
2024-05-31 23:54:53.604,"31.2830162,75.6465072",6e+07,-23.4987,3872.07
2024-05-31 23:54:53.604,"31.2830162,75.6465072",6e+07,-23.1126,2009.28
2024-05-31 23:54:53.818,"31.2830162,75.6465072",1.8e+08,-22.4234,2574.46
2024-05-31 23:54:53.818,"31.2830162,75.6465072",1.8e+08,-20.4326,7316.89
2024-05-31 23:54:53.818,"31.2830162,75.6465072",1.8e+08,-21.1686,1492.92
2024-05-31 23:54:53.830,"31.2830162,75.6465072",2e+08,-12.0464,37.8418
2024-05-31 23:54:53.854,"31.2830162,75.6465072",2.6e+08,-6.56063,12761.2
2024-05-31 23:54:54.009,"31.2830162,75.6465072",2.8e+08,-20.8875,8924.56
2024-05-31 23:54:54.014,"31.2830162,75.6465072",3e+08,-29.7751,1248.78
2024-05-31 23:54:54.014,"31.2830162,75.6465072",3e+08,-29.1954,58.5938
2024-05-31 23:54:54.014,"31.2830162,75.6465072",3e+08,-34.0354,31.7383
2024-05-31 23:54:54.014,"31.2830162,75.6465072",3e+08,-30.0745,3435.06
2024-05-31 23:54:54.026,"31.2830162,75.6465072",3.2e+08,-31.1519,102.539
2024-05-31 23:54:54.032,"31.2830162,75.6465072",3.4e+08,-32.5614,36.6211
2024-05-31 23:54:54.049,"31.2830162,75.6465072",3.8e+08,-32.506,80.5664
2024-05-31 23:54:54.205,"31.2830162,75.6465072",4e+08,-9.4476,7913.82
2024-05-31 23:54:54.205,"31.2830162,75.6465072",4e+08,-14.9065,4984.13
2024-05-31 23:54:54.220,"31.2830162,75.6465072",4.4e+08,-23.4274,36.6211
2024-05-31 23:54:54.226,"31.2830162,75.6465072",4.6e+08,-33.1824,39.0625
2024-05-31 23:54:54.226,"31.2830162,75.6465072",4.6e+08,-21.3877,1630.86
2024-05-31 23:54:54.231,"31.2830162,75.6465072",4.8e+08,-26.0624,42.7246
2024-05-31 23:54:54.231,"31.2830162,75.6465072",4.8e+08,-26.0862,35.4004
2024-05-31 23:54:54.231,"31.2830162,75.6465072",4.8e+08,-26.7844,34.1797
2024-05-31 23:54:54.231,"31.2830162,75.6465072",4.8e+08,-21.5558,35.4004
2024-05-31 23:54:54.231,"31.2830162,75.6465072",4.8e+08,-22.1463,37.8418
2024-05-31 23:54:54.231,"31.2830162,75.6465072",4.8e+08,-23.4857,40.2832
2024-05-31 23:54:54.231,"31.2830162,75.6465072",4.8e+08,-18.5756,36.6211
2024-05-31 23:54:54.231,"31.2830162,75.6465072",4.8e+08,-25.2412,35.4004
2024-05-31 23:54:54.398,"31.2830162,75.6465072",5.2e+08,-34.5923,303.955
2024-05-31 23:54:54.398,"31.2830162,75.6465072",5.2e+08,-33.8297,83.0078
2024-05-31 23:54:54.398,"31.2830162,75.6465072",5.2e+08,-26.9832,1619.87
2024-05-31 23:54:54.398,"31.2830162,75.6465072",5.2e+08,-27.7643,1473.39
2024-05-31 23:54:54.413,"31.2830162,75.6465072",5.6e+08,-5.61689,2061.77
2024-05-31 23:54:54.418,"31.2830162,75.6465072",5.8e+08,-26.5977,39.0625
2024-05-31 23:54:54.418,"31.2830162,75.6465072",5.8e+08,-30.8122,2789.31
2024-05-31 23:54:54.424,"31.2830162,75.6465072",6e+08,-21.1566,1907.96
2024-05-31 23:54:54.584,"31.2830162,75.6465072",6.4e+08,-29.8286,45.166
2024-05-31 23:54:54.584,"31.2830162,75.6465072",6.4e+08,-11.2118,11198.7
2024-05-31 23:54:54.739,"31.2830162,75.6465072",4e+07,-24.2749,64.6973
2024-05-31 23:54:54.751,"31.2830162,75.6465072",6e+07,-19.6031,1594.24
2024-05-31 23:54:54.751,"31.2830162,75.6465072",6e+07,-19.9831,4149.17
2024-05-31 23:54:54.751,"31.2830162,75.6465072",6e+07,-26.4778,228.271
2024-05-31 23:54:54.751,"31.2830162,75.6465072",6e+07,-30.2003,43.9453
2024-05-31 23:54:54.767,"31.2830162,75.6465072",1.2e+08,-28.0329,34.1797
2024-05-31 23:54:54.767,"31.2830162,75.6465072",1.2e+08,-21.5498,7067.87
2024-05-31 23:54:54.931,"31.2830162,75.6465072",1.8e+08,-24.3465,37.8418
2024-05-31 23:54:54.958,"31.2830162,75.6465072",2.2e+08,-31.1358,67.1387
2024-05-31 23:54:54.963,"31.2830162,75.6465072",2.4e+08,-26.7086,39.0625
2024-05-31 23:54:54.975,"31.2830162,75.6465072",2.6e+08,-25.4759,39.0625
2024-05-31 23:54:55.132,"31.2830162,75.6465072",2.8e+08,-38.7029,35.4004
2024-05-31 23:54:55.151,"31.2830162,75.6465072",3.4e+08,-32.0411,501.709
2024-05-31 23:54:55.151,"31.2830162,75.6465072",3.4e+08,-24.9537,39.0625
2024-05-31 23:54:55.157,"31.2830162,75.6465072",3.6e+08,-25.8838,39.0625
2024-05-31 23:54:55.329,"31.2830162,75.6465072",4.2e+08,-30.5658,140.381
2024-05-31 23:54:55.329,"31.2830162,75.6465072",4.2e+08,-27.9566,1564.94
2024-05-31 23:54:55.329,"31.2830162,75.6465072",4.2e+08,-22.3693,37.8418
2024-05-31 23:54:55.341,"31.2830142,75.6465148",4.4e+08,-12.1229,2164.31
2024-05-31 23:54:55.347,"31.2830142,75.6465148",4.6e+08,-31.6825,47.6074
2024-05-31 23:54:55.347,"31.2830142,75.6465148",4.6e+08,-21.4203,1450.2
2024-05-31 23:54:55.513,"31.2830142,75.6465148",5.2e+08,-30.8867,36.6211
2024-05-31 23:54:55.527,"31.2830142,75.6465148",5.6e+08,-29.9904,37.8418
2024-05-31 23:54:55.533,"31.2830142,75.6465148"
                                                                                                                                                                                                                                                                                                                                                                                                                                                                                                                                                                                                                                                                                                                                                                                                                                                                                                                                                                                                                                                                                                                                                                                                                                                                                                                                                                                                                                                                                                                                                                                                                                                                                                                                                                                                                                                                                                                                                                                                                                                                                                                                                                                                                                                                                                                                                                                                                                                                                                                                                                                                                                                                                                                                                                                                                                                                                                                                                                                                                                                                                                                                                                                                                                                                                                                                                                                                                                                                                                                                                                                                                                                                                                                                                                                                                                                                                                                                                                                                                                                                                                                                                                                                                                                                                                                                                                                                                                                                                                                                                                                                                                                                                                                                                                                                                                                                                                                                                                                                                                                                                                                                                                                                                                                                                                                                                                                                                                                                                                                                                                                                                                                                                                                                                                                                                                                                                                                                                                                                                                                                                                                                                                                                                                                                                                                                                                                                                                                                                                                                                                                                                                                                                                                                                                                                                                                                                                                                                                                                                                                                                                                                                                                                                                                                                                                                                                                                                                                                                                                                                                                                                                                                                                                                                                                                                                                                                                                                                                                                                                                                                                                                                                                                                                                                                                                                                                                                                                                                                                                                   ,"31.2830142,75.6465148",2.2e+08,-29.8341,37.8418
2024-05-31 23:55:01.797,"31.2830142,75.6465148",3e+08,-30.3697,3929.44
2024-05-31 23:55:01.797,"31.2830142,75.6465148",3e+08,-25.2581,37.8418
2024-05-31 23:55:01.813,"31.2830142,75.6465148",3.4e+08,-14.8004,7680.66
2024-05-31 23:55:01.826,"31.2830142,75.6465148",3.6e+08,-9.59487,7716.06
2024-05-31 23:55:01.826,"31.2830142,75.6465148",3.6e+08,-12.8402,4902.34
2024-05-31 23:55:01.826,"31.2830142,75.6465148",3.6e+08,-20.8939,1276.86
2024-05-31 23:55:01.995,"31.2830142,75.6465148",4e+08,-34.3573,255.127
2024-05-31 23:55:01.995,"31.2830142,75.6465148",4e+08,-35.3101,6069.34
2024-05-31 23:55:01.999,"31.2830142,75.6465148",4.2e+08,-33.1161,1004.64
2024-05-31 23:55:01.999,"31.2830142,75.6465148",4.2e+08,-25.0539,37.8418
2024-05-31 23:55:02.010,"31.2830142,75.6465148",4.4e+08,-33.1892,219.727
2024-05-31 23:55:02.010,"31.2830142,75.6465148",4.4e+08,-21.737,37.8418
2024-05-31 23:55:02.021,"31.2830142,75.6465148",4.8e+08,-10.5276,5882.57
2024-05-31 23:55:02.021,"31.2830142,75.6465148",4.8e+08,-14.0623,4938.96
2024-05-31 23:55:02.039,"31.2830142,75.6465148",5e+08,-38.5702,2235.11
2024-05-31 23:55:02.196,"31.2830142,75.6465148",5.2e+08,-29.4525,2086.18
2024-05-31 23:55:02.200,"31.2830142,75.6465148",5.4e+08,-36.4644,1312.26
2024-05-31 23:55:02.233,"31.2830142,75.6465148",6.2e+08,-8.19056,2135.01
2024-05-31 23:55:02.390,"31.2830142,75.6465148",6.4e+08,-16.944,37.8418
2024-05-31 23:55:02.546,"31.2830142,75.6465148",4e+07,-24.5147,40.2832
2024-05-31 23:55:02.557,"31.2830142,75.6465148",6e+07,-30.1344,53.7109
2024-05-31 23:55:02.573,"31.2830142,75.6465148",1.2e+08,-17.6459,8120.12
2024-05-31 23:55:02.577,"31.2830142,75.6465148",1.4e+08,-26.2859,186.768
2024-05-31 23:55:02.577,"31.2830142,75.6465148",1.4e+08,-26.4219,1818.85
2024-05-31 23:55:02.577,"31.2830142,75.6465148",1.4e+08,-24.7789,1297.61
2024-05-31 23:55:02.733,"31.2830142,75.6465148",1.6e+08,-35.7004,3953.86
2024-05-31 23:55:02.738,"31.2830142,75.6465148",1.8e+08,-19.0768,1391.6
2024-05-31 23:55:02.738,"31.2830142,75.6465148",1.8e+08,-6.33708,2171.63
2024-05-31 23:55:02.754,"31.2830142,75.6465148",2.2e+08,-23.6283,37.8418
2024-05-31 23:55:02.759,"31.2830142,75.6465148",2.4e+08,-24.2842,37.8418
2024-05-31 23:55:02.759,"31.2830142,75.6465148",2.4e+08,-24.1847,4615.48
2024-05-31 23:55:02.764,"31.2830142,75.6465148",2.6e+08,-31.7587,37.8418
2024-05-31 23:55:02.925,"31.2830142,75.6465148",3e+08,-32.3299,155.029
2024-05-31 23:55:02.925,"31.2830142,75.6465148",3e+08,-37.8655,153.809
2024-05-31 23:55:02.949,"31.2830142,75.6465148",3.6e+08,-26.3476,7221.68
2024-05-31 23:55:02.953,"31.2830142,75.6465148",3.8e+08,-27.5215,37.8418
2024-05-31 23:55:03.117,"31.2830142,75.6465148",4e+08,-32.4785,84.2285
2024-05-31 23:55:03.117,"31.2830142,75.6465148",4e+08,-34.7005,37.8418
2024-05-31 23:55:03.122,"31.2830142,75.6465148",4.2e+08,-27.7165,2587.89
2024-05-31 23:55:03.132,"31.2830142,75.6465148",4.4e+08,-20.8258,1638.18
2024-05-31 23:55:03.132,"31.2830142,75.6465148",4.4e+08,-21.1782,7265.62
2024-05-31 23:55:03.132,"31.2830142,75.6465148",4.4e+08,-22.5471,1406.25
2024-05-31 23:55:03.137,"31.2830142,75.6465148",4.6e+08,-30.1738,1076.66
2024-05-31 23:55:03.137,"31.2830142,75.6465148",4.6e+08,-31.8133,39.0625
2024-05-31 23:55:03.137,"31.2830142,75.6465148",4.6e+08,-30.0452,43.9453
2024-05-31 23:55:03.137,"31.2830142,75.6465148",4.6e+08,-34.5358,37.8418
2024-05-31 23:55:03.142,"31.2830142,75.6465148",4.8e+08,-31.7621,40.2832
2024-05-31 23:55:03.142,"31.2830142,75.6465148",4.8e+08,-27.0628,37.8418
2024-05-31 23:55:03.303,"31.2830142,75.6465148",5.2e+08,-12.2522,11084
2024-05-31 23:55:03.321,"31.2830142,75.6465148",5.6e+08,-29.6704,7288.82
2024-05-31 23:55:03.326,"31.2830142,75.6465148",5.8e+08,-21.8803,1699.22
2024-05-31 23:55:03.331,"31.2830142,75.6465148",6e+08,-19.1945,4897.46
2024-05-31 23:55:03.648,"31.2830142,75.6465148",4e+07,-26.3761,20.752
2024-05-31 23:55:03.648,"31.2830142,75.6465148",4e+07,-22.6284,1500.24
2024-05-31 23:55:03.648,"31.2830123,75.6465148",4e+07,-14.9985,10861.8
2024-05-31 23:55:03.659,"31.2830123,75.6465148",6e+07,-30.3663,7536.62
2024-05-31 23:55:03.671,"31.2830123,75.6465148",8e+07,-15.2646,37.8418
2024-05-31 23:55:03.676,"31.2830123,75.6465148",1e+08,-30.5737,968.018
2024-05-31 23:55:03.676,"31.2830123,75.6465148",1e+08,-28.4415,87.8906
2024-05-31 23:55:03.682,"31.2830123,75.6465148",1.2e+08,-31.5894,39.0625
2024-05-31 23:55:03.842,"31.2830123,75.6465148",1.6e+08,-32.265,15.8691
2024-05-31 23:55:03.846,"31.2830123,75.6465148",1.8e+08,-22.083,678.711
2024-05-31 23:55:03.847,"31.2830123,75.6465148",1.8e+08,-23.401,1010.74
2024-05-31 23:55:03.847,"31.2830123,75.6465148",1.8e+08,-30.6056,39.0625
2024-05-31 23:55:03.847,"31.2830123,75.6465148",1.8e+08,-14.2529,37.8418
2024-05-31 23:55:03.873,"31.2830123,75.6465148",2.4e+08,-25.7612,5749.51
2024-05-31 23:55:03.873,"31.2830123,75.6465148",2.4e+08,-32.6356,52.4902
2024-05-31 23:55:03.879,"31.2830123,75.6465148",2.6e+08,-35.1129,1398.93
2024-05-31 23:55:03.879,"31.2830123,75.6465148",2.6e+08,-21.2369,37.8418
2024-05-31 23:55:03.879,"31.2830123,75.6465148",2.6e+08,-29.0054,1403.81
2024-05-31 23:55:04.033,"31.2830123,75.6465148",2.8e+08,-29.5902,280.762
2024-05-31 23:55:04.033,"31.2830123,75.6465148",2.8e+08,-35.9564,65.918
2024-05-31 23:55:04.033,"31.2830123,75.6465148",2.8e+08,-6.9528,12873.5
2024-05-31 23:55:04.037,"31.2830123,75.6465148",3e+08,-8.39328,12746.6
2024-05-31 23:55:04.053,"31.2830123,75.6465148",3.4e+08,-30.7444,40.2832
2024-05-31 23:55:04.231,"31.2830123,75.6465148",4.2e+08,-35.6002,37.8418
2024-05-31 23:55:04.246,"31.2830123,75.6465148",4.4e+08,-30.4227,37.8418
2024-05-31 23:55:04.246,"31.2830123,75.6465148",4.4e+08,-13.461,4864.5
2024-05-31 23:55:04.246,"31.2830123,75.6465148",4.4e+08,-20.284,1328.12
2024-05-31 23:55:04.251,"31.2830123,75.6465148",4.6e+08,-27.879,37.8418
2024-05-31 23:55:04.256,"31.2830123,75.6465148",4.8e+08,-11.356,2135.01
2024-05-31 23:55:04.256,"31.2830123,75.6465148",4.8e+08,-18.8466,4925.54
2024-05-31 23:55:04.260,"31.2830123,75.6465148",5e+08,-31.2882,1629.64
2024-05-31 23:55:04.417,"31.2830123,75.6465148",5.2e+08,-36.0289,37.8418
2024-05-31 23:55:04.417,"31.2830123,75.6465148",5.2e+08,-36.7071,48.8281
2024-05-31 23:55:04.417,"31.2830123,75.6465148",5.2e+08,-6.83235,12802.7
2024-05-31 23:55:04.433,"31.2830123,75.6465148",5.6e+08,-28.3012,5339.36
2024-05-31 23:55:04.439,"31.2830123,75.6465148",5.8e+08,-20.9204,3758.54
2024-05-31 23:55:04.449,"31.2830123,75.6465148",6.2e+08,-35.1524,36.6211
2024-05-31 23:55:04.449,"31.2830123,75.6465148",6.2e+08,-40.1494,39.0625
2024-05-31 23:55:04.449,"31.2830123,75.6465148",6.2e+08,-31.5851,37.8418
2024-05-31 23:55:04.760,"31.2830123,75.6465148",4e+07,-27.7687,73.2422
2024-05-31 23:55:04.760,"31.2830123,75.6465148",4e+07,-26.9139,50.0488
2024-05-31 23:55:04.760,"31.2830123,75.6465148",4e+07,-8.13074,9454.35
2024-05-31 23:55:04.771,"31.2830123,75.6465148",6e+07,-26.5375,36.6211
2024-05-31 23:55:04.771,"31.2830123,75.6465148",6e+07,-26.3599,2097.17
2024-05-31 23:55:04.776,"31.2830123,75.6465148",8e+07,-18.6041,37.8418
2024-05-31 23:55:04.954,"31.2830123,75.6465148",1.6e+08,-26.3697,560.303
2024-05-31 23:55:04.954,"31.2830123,75.6465148",1.6e+08,-13.7045,7772.22
2024-05-31 23:55:04.958,"31.2830123,75.6465148",1.8e+08,-33.4367,1916.5
2024-05-31 23:55:04.958,"31.2830123,75.6465148",1.8e+08,-23.3178,37.8418
2024-05-31 23:55:04.958,"31.2830123,75.6465148",1.8e+08,-29.3174,1959.23
2024-05-31 23:55:04.971,"31.2830123,75.6465148",2e+08,-25.1343,37.8418
2024-05-31 23:55:04.976,"31.2830123,75.6465148",2.2e+08,-10.1664,5816.65
2024-05-31 23:55:04.976,"31.2830123,75.6465148",2.2e+08,-13.4032,4718.02
2024-05-31 23:55:04.994,"31.2830123,75.6465148",2.6e+08,-29.2205,39.0625
2024-05-31 23:55:05.151,"31.2830123,75.6465148",2.8e+08,-35.5257,2781.98
2024-05-31 23:55:05.151,"31.2830123,75.6465148",2.8e+08,-29.8151,7095.95
2024-05-31 23:55:05.151,"31.2830123,75.6465148",2.8e+08,-32.6117,18.3105
2024-05-31 23:55:05.155,"31.2830123,75.6465148",3e+08,-26.4427,40.2832
2024-05-31 23:55:05.166,"31.2830123,75.6465148",3.2e+08,-18.4525,2271.73
2024-0,"31.2830123,75.6465148",4e+07,-29.8876,2933.35
2024-05-31 23:55:07.006,"31.2830123,75.6465148",6e+07,-13.9159,4744.87
2024-05-31 23:55:07.006,"31.2830123,75.6465148",6e+07,-18.4234,1669.92
2024-05-31 23:55:07.006,"31.2830123,75.6465148",6e+07,-24.2532,4704.59
2024-05-31 23:55:07.006,"31.2830123,75.6465148",6e+07,-30.3163,34.1797
2024-05-31 23:55:07.006,"31.2830123,75.6465148",6e+07,-18.0471,1435.55
2024-05-31 23:55:07.011,"31.2830123,75.6465148",8e+07,-22.4696,37.8418
2024-05-31 23:55:07.011,"31.2830123,75.6465148",8e+07,-30.3828,159.912
2024-05-31 23:55:07.017,"31.2830123,75.6465148",1e+08,-33.0195,37.8418
2024-05-31 23:55:07.017,"31.2830123,75.6465148",1e+08,-19.9622,1231.69
2024-05-31 23:55:07.017,"31.2830123,75.6465148",1e+08,-18.0861,4409.18
2024-05-31 23:55:07.027,"31.2830123,75.6465148",1.4e+08,-11.0345,5815.43
2024-05-31 23:55:07.027,"31.2830123,75.6465148",1.4e+08,-13.0904,4897.46
2024-05-31 23:55:07.198,"31.2830123,75.6465148",2e+08,-33.693,385.742
2024-05-31 23:55:07.198,"31.2830123,75.6465148",2e+08,-32.1733,37.8418
2024-05-31 23:55:07.204,"31.2830123,75.6465148",2.2e+08,-15.6519,37.8418
2024-05-31 23:55:07.214,"31.2830123,75.6465148",2.6e+08,-25.1867,2790.53
2024-05-31 23:55:07.214,"31.2830123,75.6465148",2.6e+08,-14.122,4599.61
2024-05-31 23:55:07.369,"31.2830123,75.6465148",2.8e+08,-29.9983,20.752
2024-05-31 23:55:07.369,"31.2830123,75.6465148",2.8e+08,-23.5719,2093.51
2024-05-31 23:55:07.374,"31.2830123,75.6465148",3e+08,-6.58747,2047.12
2024-05-31 23:55:07.374,"31.2830123,75.6465148",3e+08,-14.2965,4997.56
2024-05-31 23:55:07.388,"31.2830123,75.6465148",3.2e+08,-21.1689,37.8418
2024-05-31 23:55:07.393,"31.2830123,75.6465148",3.4e+08,-30.2809,3090.82
2024-05-31 23:55:07.393,"31.2830123,75.6465148",3.4e+08,-26.7515,3746.34
2024-05-31 23:55:07.393,"31.2830123,75.6465148",3.4e+08,-30.2502,246.582
2024-05-31 23:55:07.404,"31.2830123,75.6465148",3.8e+08,-36.3519,1678.47
2024-05-31 23:55:07.563,"31.2830123,75.6465148",4.2e+08,-34.1673,39.0625
2024-05-31 23:55:07.563,"31.2830123,75.6465148",4.2e+08,-28.468,73.2422
2024-05-31 23:55:07.563,"31.2830123,75.6465148",4.2e+08,-34.188,43.9453
2024-05-31 23:55:07.563,"31.2830123,75.6465148",4.2e+08,-34.5602,36.6211
2024-05-31 23:55:07.586,"31.2830123,75.6465148",4.6e+08,-28.2831,40.2832
2024-05-31 23:55:07.599,"31.2830123,75.6465148",4.8e+08,-26.8057,36.6211
2024-05-31 23:55:07.605,"31.2830123,75.6465148",5e+08,-13.2834,4823
2024-05-31 23:55:07.761,"31.2830123,75.6465148",5.2e+08,-41.9841,411.377
2024-05-31 23:55:07.761,"31.2830123,75.6465148",5.2e+08,-38.3398,37.8418
2024-05-31 23:55:07.776,"31.2830123,75.6465148",5.6e+08,-31.023,179.443
2024-05-31 23:55:07.781,"31.2830123,75.6465148",5.8e+08,-22.7001,1779.79
2024-05-31 23:55:07.781,"31.2830123,75.6465148",5.8e+08,-32.613,37.8418
2024-05-31 23:55:07.781,"31.2830123,75.6465148",5.8e+08,-14.5043,5852.05
2024-05-31 23:55:07.953,"31.2830123,75.6465148",6.4e+08,-40.0214,93.9941
2024-05-31 23:55:07.953,"31.2830123,75.6465148",6.4e+08,-32.7701,200.195
2024-05-31 23:55:07.953,"31.2830123,75.6465148",6.4e+08,-42.1912,155.029
2024-05-31 23:55:07.953,"31.2830123,75.6465148",6.4e+08,-27.0336,36.6211
2024-05-31 23:55:07.953,"31.2830123,75.6465148",6.4e+08,-37.0199,7213.13
2024-05-31 23:55:08.108,"31.2830123,75.6465148",4e+07,-23.1015,158.691
2024-05-31 23:55:08.108,"31.2830123,75.6465148",4e+07,-34.7285,40.2832
2024-05-31 23:55:08.108,"31.2830123,75.6465148",4e+07,-26.6549,1593.02
2024-05-31 23:55:08.108,"31.2830123,75.6465148",4e+07,-17.6696,2232.67
2024-05-31 23:55:08.120,"31.2830123,75.6465148",6e+07,-26.1121,29.2969
2024-05-31 23:55:08.125,"31.2830123,75.6465148",8e+07,-32.4204,37.8418
2024-05-31 23:55:08.130,"31.2830123,75.6465148",1e+08,-13.3208,4774.17
2024-05-31 23:55:08.136,"31.2830123,75.6465148",1.2e+08,-30.4576,37.8418
2024-05-31 23:55:08.136,"31.2830123,75.6465148",1.2e+08,-29.3365,36.6211
2024-05-31 23:55:08.136,"31.2830123,75.6465148",1.2e+08,-32.0793,37.8418
2024-05-31 23:55:08.136,"31.2830123,75.6465148",1.2e+08,-12.8229,5627.44
2024-05-31 23:55:08.140,"31.2830123,75.6465148",1.4e+08,-14.7288,4786.38
2024-05-31 23:55:08.296,"31.2830123,75.6465148",1.6e+08,-30.1894,37.8418
2024-05-31 23:55:08.301,"31.2830123,75.6465148",1.8e+08,-31.8135,31.7383
2024-05-31 23:55:08.301,"31.2830123,75.6465148",1.8e+08,-12.4572,37.8418
2024-05-31 23:55:08.301,"31.2830123,75.6465148",1.8e+08,-19.2016,7039.79
2024-05-31 23:55:08.324,"31.2830123,75.6465148",2.4e+08,-16.99,37.8418
2024-05-31 23:55:08.485,"31.2830123,75.6465148",2.8e+08,-5.19887,12569.6
2024-05-31 23:55:08.489,"31.2830123,75.6465148",3e+08,-26.3629,37.8418
2024-05-31 23:55:08.489,"31.2830123,75.6465148",3e+08,-31.2564,47.6074
2024-05-31 23:55:08.510,"31.2830123,75.6465148",3.6e+08,-32.8707,706.787
2024-05-31 23:55:08.510,"31.2830123,75.6465148",3.6e+08,-29.2443,7426.76
2024-05-31 23:55:08.516,"31.2830123,75.6465148",3.8e+08,-5.79173,2191.16
2024-05-31 23:55:08.672,"31.2830123,75.6465148",4e+08,-37.4682,812.988
2024-05-31 23:55:08.672,"31.2830123,75.6465148",4e+08,-43.1023,34.1797
2024-05-31 23:55:08.672,"31.2830123,75.6465148",4e+08,-34.8194,1146.24
2024-05-31 23:55:08.672,"31.2830123,75.6465148",4e+08,-24.9379,37.8418
2024-05-31 23:55:08.672,"31.2830123,75.6465148",4e+08,-40.4675,31.7383
2024-05-31 23:55:08.672,"31.2830123,75.6465148",4e+08,-35.2826,45.166
2024-05-31 23:55:08.676,"31.2830123,75.6465148",4.2e+08,-30.8134,58.5938
2024-05-31 23:55:08.704,"31.2830123,75.6465148",4.8e+08,-5.92969,2122.8
2024-05-31 23:55:08.705,"31.2830123,75.6465148",4.8e+08,-13.8718,5009.77
2024-05-31 23:55:08.716,"31.2830123,75.6465148",5e+08,-28.5468,37.8418
2024-05-31 23:55:08.893,"31.2830123,75.6465148",6e+08,-30.4422,30.5176
2024-05-31 23:55:08.897,"31.2830123,75.6465148",6.2e+08,-26.2552,37.8418
2024-05-31 23:55:09.054,"31.2830123,75.6465148",6.4e+08,-35.8349,6203.61
2024-05-31 23:55:09.209,"31.2830123,75.6465148",4e+07,-31.8673,35.4004
2024-05-31 23:55:09.209,"31.2830123,75.6465148",4e+07,-9.29858,12611.1
2024-05-31 23:55:09.220,"31.2830123,75.6465148",6e+07,-26.3638,37.8418
2024-05-31 23:55:09.220,"31.2830123,75.6465148",6e+07,-30.0115,181.885
2024-05-31 23:55:09.238,"31.2830123,75.6465148",1.2e+08,-29.9024,41.5039
2024-05-31 23:55:09.238,"31.2830123,75.6465148",1.2e+08,-17.6169,1474.61
2024-05-31 23:55:09.238,"31.2830123,75.6465148",1.2e+08,-13.2829,4848.63
2024-05-31 23:55:09.241,"31.2830123,75.6465148",1.4e+08,-32.6729,2789.31
2024-05-31 23:55:09.397,"31.2830123,75.6465148",1.6e+08,-26.3703,744.629
2024-05-31 23:55:09.397,"31.2830123,75.6465148",1.6e+08,-20.2179,1890.87
2024-05-31 23:55:09.397,"31.2830123,75.6465148",1.6e+08,-14.8313,4774.17
2024-05-31 23:55:09.401,"31.2830123,75.6465148",1.8e+08,-16.5262,37.8418
2024-05-31 23:55:09.401,"31.2830123,75.6465148",1.8e+08,-18.1127,4874.27
2024-05-31 23:55:09.430,"31.2830123,75.6465148",2.4e+08,-20.1141,7266.85
2024-05-31 23:55:09.435,"31.2830123,75.6465148",2.6e+08,-30.9851,85.4492
2024-05-31 23:55:09.592,"31.2830123,75.6465148",2.8e+08,-28.7454,2424.32
2024-05-31 23:55:09.592,"31.2830123,75.6465148",2.8e+08,-28.375,43.9453
2024-05-31 23:55:09.596,"31.2830123,75.6465148",3e+08,-32.3988,80.5664
2024-05-31 23:55:09.612,"31.2830123,75.6465148",3.4e+08,-20.8948,2399.9
2024-05-31 23:55:09.612,"31.2830123,75.6465148",3.4e+08,-18.09,1628.42
2024-05-31 23:55:09.629,"31.2830123,75.6465148",3.8e+08,-7.0958,2098.39
2024-05-31 23:55:09.784,"31.2830123,75.6465148",4e+08,-43.3695,41.5039
2024-05-31 23:55:09.784,"31.2830123,75.6465148",4e+08,-28.1672,30.5176
2024-05-31 23:55:09.784,"31.2830123,75.6465148",4e+08,-47.0595,34.1797
2024-05-31 23:55:09.784,"31.2830123,75.6465148",4e+08,-39.5621,17.0898
2024-05-31 23:55:09.784,"31.2830123,75.6465148",4e+08,-37.3209,37.8418
2024-05-31 23:55:09.784,"31.2830123,75.6465148",4e+08,-33.4487,7277.83
2024-05-31 23:55:09.784,"31.2830123,75.6465072",4e+08,-39.9942,87.8906
2024-05-31 23:55:09.784,"31.2830123,75.6465072",4e+08,-40.9802,87.8906
2024-05-31 23:55:09.799,"31.2830123,75.6465072",4.6e+08,-36.3985,58.5938
2024-05-31 23:55:09.799,"31.2830123,75.6465072",4.6e+08,-37.725,124.512
2024-05-31 23:55:09.799,"31.2830123,75.6465072"
                                                                                                                                                                                                                                                                                                                                                                                                                                                                                                                                                                                                                                                                                                                                                                                                                                                                                                                                                                                                                                                                                                                                                                                                                                                                                                                                                                                                                                                                                                                                                                                                                                                                                                                                                                                                                                                                                                                                                                                                                                                                                                                                                                                                                                                                                                                                                                                                                                                                                                                                                                                                                                                                                                                                                                                                                                                                                                                                                                                                                                                                                                                                                                                                                                                                                                                                                                                                                                                                                                                                                                                                                                                                                                                                                                                                                                                                                                                                                                                                                                                                                                                                                                                                                                                                                                                                                                                                                                                                                                                                                                                                                                                                                                                                                                                                                                                                                                                                                                                                                                                                                                                                                                                                                                                                                                                                                                                                                                                                                                                                                                                                                                                                                                                                                                                                                                                                                                                                                                                                                                                                                                                                                                                                                                                                                                                                                                                                                                                                                                                                                                                                                                                                                                                                                                                                                                                                                                                                                                                                                                                                                                                                                                                                                                                                                                                                                                                                                                                                                                                                                                                                                                                                                                                                                                                                                                                                                                                                                                                                                                                                                                                                                                                                                                                                                                                                                                                                                                                                                                                        ,"31.2830123,75.6465072"
2024-05-31 23:55:22.075,"31.2830123,75.6465072",3.2e+08,-22.7439,1459.96
2024-05-31 23:55:22.086,"31.2830123,75.6465072",3.6e+08,-34.9921,39.0625
2024-05-31 23:55:22.086,"31.2830123,75.6465072",3.6e+08,-19.1842,1662.6
2024-05-31 23:55:22.246,"31.2830123,75.6465072",4e+08,-38.1444,9112.55
2024-05-31 23:55:22.246,"31.2830123,75.6465072",4e+08,-40.7558,34.1797
2024-05-31 23:55:22.250,"31.2830123,75.6465072",4.2e+08,-33.6306,491.943
2024-05-31 23:55:22.251,"31.2830123,75.6465072",4.2e+08,-26.2076,37.8418
2024-05-31 23:55:22.281,"31.2830123,75.6465072",4.6e+08,-12.0577,2207.03
2024-05-31 23:55:22.292,"31.2830123,75.6465072",5e+08,-31.9404,80.5664
2024-05-31 23:55:22.292,"31.2830123,75.6465072",5e+08,-36.3997,34.1797
2024-05-31 23:55:22.292,"31.2830123,75.6465072",5e+08,-9.65447,7663.57
2024-05-31 23:55:22.447,"31.2830123,75.6465072",5.2e+08,-12.4505,7777.1
2024-05-31 23:55:22.452,"31.2830123,75.6465072",5.4e+08,-16.9746,4805.91
2024-05-31 23:55:22.464,"31.2830123,75.6465072",5.6e+08,-29.9002,36.6211
2024-05-31 23:55:22.477,"31.2830123,75.6465072",5.8e+08,-31.7602,39.0625
2024-05-31 23:55:22.482,"31.2830123,75.6465072",6e+08,-7.79687,2144.78
2024-05-31 23:55:22.487,"31.2830123,75.6465072",6.2e+08,-23.6445,37.8418
2024-05-31 23:55:22.487,"31.2830123,75.6465072",6.2e+08,-31.7545,40.2832
2024-05-31 23:55:22.644,"31.2830123,75.6465072",6.4e+08,-29.3258,1528.32
2024-05-31 23:55:22.644,"31.2830123,75.6465072",6.4e+08,-20.6813,10898.4
2024-05-31 23:55:22.644,"31.2830123,75.6465072",6.4e+08,-40.0653,34.1797
2024-05-31 23:55:22.799,"31.2830123,75.6465072",4e+07,-19.1011,98.877
2024-05-31 23:55:22.799,"31.2830123,75.6465072",4e+07,-34.3964,37.8418
2024-05-31 23:55:22.799,"31.2830123,75.6465072",4e+07,-28.9679,3721.92
2024-05-31 23:55:22.826,"31.2830123,75.6465072",8e+07,-29.8223,37.8418
2024-05-31 23:55:22.831,"31.2830123,75.6465072",1e+08,-25.2734,191.65
2024-05-31 23:55:22.831,"31.2830123,75.6465072",1e+08,-21.8333,1667.48
2024-05-31 23:55:22.831,"31.2830123,75.6465072",1e+08,-19.4242,1346.44
2024-05-31 23:55:22.837,"31.2830123,75.6465072",1.2e+08,-37.447,140.381
2024-05-31 23:55:22.837,"31.2830123,75.6465072",1.2e+08,-32.7423,56.1523
2024-05-31 23:55:22.837,"31.2830123,75.6465072",1.2e+08,-31.8743,40.2832
2024-05-31 23:55:22.837,"31.2830123,75.6465072",1.2e+08,-34.3381,109.863
2024-05-31 23:55:22.837,"31.2830123,75.6465072",1.2e+08,-21.3533,1267.09
2024-05-31 23:55:22.837,"31.2830123,75.6465072",1.2e+08,-13.0913,11073
2024-05-31 23:55:22.841,"31.2830123,75.6465072",1.4e+08,-27.4644,97.6562
2024-05-31 23:55:22.841,"31.2830123,75.6465072",1.4e+08,-23.1579,1282.96
2024-05-31 23:55:22.998,"31.2830123,75.6465072",1.6e+08,-21.8549,7338.87
2024-05-31 23:55:23.002,"31.2830123,75.6465072",1.8e+08,-18.9194,37.8418
2024-05-31 23:55:23.015,"31.2830123,75.6465072",2e+08,-29.4483,37.8418
2024-05-31 23:55:23.033,"31.2830123,75.6465072",2.4e+08,-5.72271,2120.36
2024-05-31 23:55:23.033,"31.2830123,75.6465072",2.4e+08,-13.5202,4841.31
2024-05-31 23:55:23.039,"31.2830123,75.6465072",2.6e+08,-27.0961,1243.9
2024-05-31 23:55:23.039,"31.2830123,75.6465072",2.6e+08,-31.4813,59.8145
2024-05-31 23:55:23.193,"31.2830123,75.6465072",2.8e+08,-41.957,37.8418
2024-05-31 23:55:23.197,"31.2830123,75.6465072",3e+08,-33.8157,39.0625
2024-05-31 23:55:23.197,"31.2830123,75.6465072",3e+08,-36.5686,45.166
2024-05-31 23:55:23.216,"31.2830123,75.6465072",3.2e+08,-30.4122,37.8418
2024-05-31 23:55:23.230,"31.2830123,75.6465072",3.4e+08,-13.673,4923.1
2024-05-31 23:55:23.236,"31.2830123,75.6465072",3.6e+08,-30.927,37.8418
2024-05-31 23:55:23.241,"31.2830123,75.6465072",3.8e+08,-5.23412,2042.24
2024-05-31 23:55:23.397,"31.2830123,75.6465072",4e+08,-33.6409,30.5176
2024-05-31 23:55:23.426,"31.2830123,75.6465072",4.6e+08,-28.1043,36.6211
2024-05-31 23:55:23.432,"31.2830123,75.6465072",4.8e+08,-32.3766,28.0762
2024-05-31 23:55:23.432,"31.2830123,75.6465072",4.8e+08,-33.1468,39.0625
2024-05-31 23:55:23.432,"31.2830123,75.6465072",4.8e+08,-20.297,7110.6
2024-05-31 23:55:23.438,"31.2830123,75.6465072",5e+08,-34.2264,32.959
2024-05-31 23:55:23.438,"31.2830123,75.6465072",5e+08,-40.4702,32.959
2024-05-31 23:55:23.438,"31.2830123,75.6465072",5e+08,-16.9338,7580.57
2024-05-31 23:55:23.438,"31.2830123,75.6465072",5e+08,-20.3396,4956.05
2024-05-31 23:55:23.592,"31.2830123,75.6465072",5.2e+08,-23.0679,37.8418
2024-05-31 23:55:23.592,"31.2830123,75.6465072",5.2e+08,-39.3647,34.1797
2024-05-31 23:55:23.592,"31.2830123,75.6465072",5.2e+08,-34.7489,13.4277
2024-05-31 23:55:23.592,"31.2830123,75.6465072",5.2e+08,-32.5256,122.07
2024-05-31 23:55:23.592,"31.2830123,75.6465072",5.2e+08,-34.2573,36.6211
2024-05-31 23:55:23.610,"31.2830123,75.6465072",5.6e+08,-31.1154,40.2832
2024-05-31 23:55:23.610,"31.2830123,75.6465072",5.6e+08,-30.4036,43.9453
2024-05-31 23:55:23.610,"31.2830123,75.6465072",5.6e+08,-22.5282,1126.71
2024-05-31 23:55:23.610,"31.2830123,75.6465072",5.6e+08,-17.6714,4934.08
2024-05-31 23:55:23.622,"31.2830123,75.6465072",5.8e+08,-27.9933,1478.27
2024-05-31 23:55:23.622,"31.2830123,75.6465072",5.8e+08,-32.0414,61.0352
2024-05-31 23:55:23.622,"31.2830123,75.6465072",5.8e+08,-15.4399,2087.4
2024-05-31 23:55:23.622,"31.2830123,75.6465072",5.8e+08,-38.6077,39.0625
2024-05-31 23:55:23.628,"31.2830123,75.6465072",6e+08,-35.8702,29.2969
2024-05-31 23:55:23.628,"31.2830123,75.6465072",6e+08,-21.1604,1468.51
2024-05-31 23:55:23.628,"31.2830123,75.6465072",6e+08,-31.9181,40.2832
2024-05-31 23:55:23.628,"31.2830123,75.6465072",6e+08,-12.382,5867.92
2024-05-31 23:55:23.633,"31.2830123,75.6465072",6.2e+08,-37.3134,184.326
2024-05-31 23:55:23.788,"31.2830123,75.6465072",6.4e+08,-35.2419,37.8418
2024-05-31 23:55:23.788,"31.2830123,75.6465072",6.4e+08,-24.8284,1436.77
2024-05-31 23:55:23.943,"31.2830123,75.6465072",4e+07,-26.2326,185.547
2024-05-31 23:55:23.943,"31.2830123,75.6465072",4e+07,-27.4801,552.979
2024-05-31 23:55:23.956,"31.2830123,75.6465072",6e+07,-25.5695,37.8418
2024-05-31 23:55:23.962,"31.2830123,75.6465072",8e+07,-27.9769,39.0625
2024-05-31 23:55:23.975,"31.2830123,75.6465072",1e+08,-30.3314,290.527
2024-05-31 23:55:23.975,"31.2830123,75.6465072",1e+08,-26.38,62.2559
2024-05-31 23:55:23.975,"31.2830123,75.6465072",1e+08,-15.6116,7915.04
2024-05-31 23:55:23.986,"31.2830123,75.6465072",1.4e+08,-34.2972,36.6211
2024-05-31 23:55:23.986,"31.2830123,75.6465072",1.4e+08,-28.7854,39.0625
2024-05-31 23:55:23.986,"31.2830123,75.6465072",1.4e+08,-26.5116,52.4902
2024-05-31 23:55:23.986,"31.2830123,75.6465072",1.4e+08,-27.5868,1406.25
2024-05-31 23:55:23.986,"31.2830123,75.6465072",1.4e+08,-31.4167,192.871
2024-05-31 23:55:24.141,"31.2830123,75.6465072",1.6e+08,-40.3157,37.8418
2024-05-31 23:55:24.158,"31.2830123,75.6465072",2e+08,-15.0968,37.8418
2024-05-31 23:55:24.186,"31.2830123,75.6465072",2.6e+08,-30.7332,145.264
2024-05-31 23:55:24.343,"31.2830123,75.6465072",2.8e+08,-39.7631,46.3867
2024-05-31 23:55:24.343,"31.2830123,75.6465072",2.8e+08,-37.3448,39.0625
2024-05-31 23:55:24.343,"31.2830123,75.6465072",2.8e+08,-28.0254,7110.6
2024-05-31 23:55:24.347,"31.2830123,75.6465072",3e+08,-10.3655,12755.1
2024-05-31 23:55:24.359,"31.2830123,75.6465072",3.2e+08,-21.8954,7177.73
2024-05-31 23:55:24.359,"31.2830123,75.6465072",3.2e+08,-22.1278,1318.36
2024-05-31 23:55:24.378,"31.2830123,75.6465072",3.6e+08,-12.8104,2117.92
2024-05-31 23:55:24.378,"31.2830123,75.6465072",3.6e+08,-26.187,1368.41
2024-05-31 23:55:24.383,"31.2830123,75.6465072",3.8e+08,-30.2789,36.6211
2024-05-31 23:55:24.539,"31.2830123,75.6465072",4e+08,-11.4172,12760
2024-05-31 23:55:24.539,"31.2830123,75.6465072",4e+08,-26.4771,1362.3
2024-05-31 23:55:24.544,"31.2830066,75.6465148",4.2e+08,-34.0139,875.244
2024-05-31 23:55:24.556,"31.2830066,75.6465148",4.4e+08,-7.69564,2065.43
2024-05-31 23:55:24.566,"31.2830066,75.6465148",4.8e+08,-5.76301,12979.7
2024-05-31 23:55:24.735,"31.2830066,75.6465148",5.2e+08,-37.0874,32.959
2024-05-31 23:55:24.735,"31.2830066,75.6465148",5.2e+08,-35.2148,456.543
2024-05-31 23:55:24.735,"31.2830066,75.6465148",5.2e+08,-33.8251,40.2832
2024-05-31 23:55:24.735,"31.2830066,75.6465148",5.2e+08,-37.4566,3,1,3.4e+08,-20.3655,1461.18
2024-05-31 23:55:25.509,"31.2830066,75.6465148",3.4e+08,-10.385,5896
2024-05-31 23:55:25.527,"31.2830066,75.6465148",3.8e+08,-36.9885,32.959
2024-05-31 23:55:25.527,"31.2830066,75.6465148",3.8e+08,-30.7205,100.098
2024-05-31 23:55:25.527,"31.2830066,75.6465148",3.8e+08,-34.7748,29.2969
2024-05-31 23:55:25.527,"31.2830066,75.6465148",3.8e+08,-5.76534,2102.05
2024-05-31 23:55:25.527,"31.2830066,75.6465148",3.8e+08,-13.6477,4768.07
2024-05-31 23:55:25.683,"31.2830066,75.6465148",4e+08,-30.5953,39.0625
2024-05-31 23:55:25.683,"31.2830066,75.6465148",4e+08,-31.6987,30.5176
2024-05-31 23:55:25.683,"31.2830066,75.6465148",4e+08,-32.8139,36.6211
2024-05-31 23:55:25.683,"31.2830066,75.6465148",4e+08,-25.6831,35.4004
2024-05-31 23:55:25.687,"31.2830066,75.6465148",4.2e+08,-32.3427,76.9043
2024-05-31 23:55:25.687,"31.2830066,75.6465148",4.2e+08,-18.3873,1667.48
2024-05-31 23:55:25.687,"31.2830066,75.6465148",4.2e+08,-13.7842,4772.95
2024-05-31 23:55:25.704,"31.2830066,75.6465148",4.6e+08,-22.2296,1488.04
2024-05-31 23:55:25.704,"31.2830066,75.6465148",4.6e+08,-9.96129,2139.89
2024-05-31 23:55:25.704,"31.2830066,75.6465148",4.6e+08,-26.9874,6682.13
2024-05-31 23:55:25.714,"31.2830066,75.6465148",5e+08,-33.8515,34.1797
2024-05-31 23:55:25.714,"31.2830066,75.6465148",5e+08,-15.2808,2115.48
2024-05-31 23:55:25.714,"31.2830066,75.6465148",5e+08,-28.7823,3270.26
2024-05-31 23:55:25.878,"31.2830066,75.6465148",5.2e+08,-33.966,227.051
2024-05-31 23:55:25.878,"31.2830066,75.6465148",5.2e+08,-35.7731,29.2969
2024-05-31 23:55:25.878,"31.2830066,75.6465148",5.2e+08,-24.8183,1186.52
2024-05-31 23:55:25.878,"31.2830066,75.6465148",5.2e+08,-17.1998,11016.8
2024-05-31 23:55:25.882,"31.2830066,75.6465148",5.4e+08,-33.5593,43.9453
2024-05-31 23:55:25.882,"31.2830066,75.6465148",5.4e+08,-23.0436,1666.26
2024-05-31 23:55:25.894,"31.2830066,75.6465148",5.6e+08,-19.1145,7690.43
2024-05-31 23:55:25.894,"31.2830066,75.6465148",5.6e+08,-21.6391,1657.71
2024-05-31 23:55:25.906,"31.2830066,75.6465148",6e+08,-30.2664,32.959
2024-05-31 23:55:25.906,"31.2830066,75.6465148",6e+08,-8.41432,6118.16
2024-05-31 23:55:25.906,"31.2830066,75.6465148",6e+08,-13.8985,4810.79
2024-05-31 23:55:25.911,"31.2830066,75.6465148",6.2e+08,-33.6338,45.166
2024-05-31 23:55:25.911,"31.2830066,75.6465148",6.2e+08,-34.0992,34.1797
2024-05-31 23:55:25.911,"31.2830066,75.6465148",6.2e+08,-30.1554,14.6484
2024-05-31 23:55:25.911,"31.2830066,75.6465148",6.2e+08,-20.4199,1605.22
2024-05-31 23:55:25.911,"31.2830066,75.6465148",6.2e+08,-9.25177,6057.13
2024-05-31 23:55:25.911,"31.2830066,75.6465148",6.2e+08,-13.7975,4820.56
2024-05-31 23:55:26.066,"31.2830066,75.6465148",6.4e+08,-27.3985,47.6074
2024-05-31 23:55:26.066,"31.2830066,75.6465148",6.4e+08,-23.5384,1268.31
2024-05-31 23:55:26.066,"31.2830066,75.6465148",6.4e+08,-11.9479,11176.8
2024-05-31 23:55:26.222,"31.2830066,75.6465148",4e+07,-21.792,2398.68
2024-05-31 23:55:26.222,"31.2830066,75.6465148",4e+07,-20.7593,41.5039
2024-05-31 23:55:26.222,"31.2830066,75.6465148",4e+07,-9.70858,5893.55
2024-05-31 23:55:26.222,"31.2830066,75.6465148",4e+07,-17.8472,1197.51
2024-05-31 23:55:26.236,"31.2830066,75.6465148",6e+07,-27.8981,36.6211
2024-05-31 23:55:26.236,"31.2830066,75.6465148",6e+07,-25.3255,37.8418
2024-05-31 23:55:26.247,"31.2830066,75.6465148",1e+08,0.192499,17.0898
2024-05-31 23:55:26.247,"31.2830066,75.6465148",1e+08,-23.9467,1115.72
2024-05-31 23:55:26.257,"31.2830066,75.6465148",1.4e+08,-29.7987,989.99
2024-05-31 23:55:26.257,"31.2830066,75.6465148",1.4e+08,-14.464,7086.18
2024-05-31 23:55:26.420,"31.2830066,75.6465148",1.6e+08,-34.8145,40.2832
2024-05-31 23:55:26.420,"31.2830066,75.6465148",1.6e+08,-36.6152,54.9316
2024-05-31 23:55:26.420,"31.2830066,75.6465148",1.6e+08,-36.0969,1690.67
2024-05-31 23:55:26.420,"31.2830066,75.6465148",1.6e+08,-25.5115,39.0625
2024-05-31 23:55:26.420,"31.2830066,75.6465148",1.6e+08,-41.9284,217.285
2024-05-31 23:55:26.420,"31.2830066,75.6465148",1.6e+08,-36.2571,40.2832
2024-05-31 23:55:26.437,"31.2830066,75.6465148",2e+08,-26.4883,37.8418
2024-05-31 23:55:26.443,"31.2830066,75.6465148",2.2e+08,-20.2997,36.6211
2024-05-31 23:55:26.449,"31.2830066,75.6465148",2.4e+08,-31.2785,131.836
2024-05-31 23:55:26.449,"31.2830066,75.6465148",2.4e+08,-10.8071,7813.72
2024-05-31 23:55:26.449,"31.2830066,75.6465148",2.4e+08,-31.7985,54.9316
2024-05-31 23:55:26.453,"31.2830066,75.6465148",2.6e+08,-30.0267,37.8418
2024-05-31 23:55:26.609,"31.2830066,75.6465148",2.8e+08,-33.4511,23.1934
2024-05-31 23:55:26.609,"31.2830066,75.6465148",2.8e+08,-27.8141,2686.77
2024-05-31 23:55:26.614,"31.2830066,75.6465148",3e+08,-28.3784,39.0625
2024-05-31 23:55:26.626,"31.2830066,75.6465148",3.2e+08,-34.2826,100.098
2024-05-31 23:55:26.626,"31.2830066,75.6465148",3.2e+08,-22.2157,5006.1
2024-05-31 23:55:26.632,"31.2830066,75.6465148",3.4e+08,-31.2029,36.6211
2024-05-31 23:55:26.637,"31.2830066,75.6465148",3.6e+08,-13.3937,7723.39
2024-05-31 23:55:26.798,"31.2830066,75.6465148",4e+08,-41.7324,39.0625
2024-05-31 23:55:26.798,"31.2830066,75.6465148",4e+08,-27.1857,37.8418
2024-05-31 23:55:26.798,"31.2830066,75.6465148",4e+08,-32.6882,4854.74
2024-05-31 23:55:26.798,"31.2830066,75.6465148",4e+08,-35.8508,194.092
2024-05-31 23:55:26.803,"31.2830066,75.6465148",4.2e+08,-31.0597,47.6074
2024-05-31 23:55:26.816,"31.2830066,75.6465148",4.4e+08,-33.48,40.2832
2024-05-31 23:55:26.816,"31.2830066,75.6465148",4.4e+08,-18.8747,7017.82
2024-05-31 23:55:26.816,"31.2830066,75.6465148",4.4e+08,-23.1787,1351.32
2024-05-31 23:55:26.826,"31.2830066,75.6465148",4.8e+08,-19.9026,1667.48
2024-05-31 23:55:26.826,"31.2830066,75.6465148",4.8e+08,-11.4105,5778.81
2024-05-31 23:55:26.826,"31.2830066,75.6465148",4.8e+08,-14.191,5001.22
2024-05-31 23:55:26.832,"31.2830066,75.6465148",5e+08,-35.6902,53.7109
2024-05-31 23:55:26.832,"31.2830066,75.6465148",5e+08,-24.1827,1450.2
2024-05-31 23:55:26.832,"31.2830066,75.6465148",5e+08,-12.0036,2121.58
2024-05-31 23:55:26.832,"31.2830066,75.6465148",5e+08,-21.2188,5229.49
2024-05-31 23:55:26.987,"31.2830066,75.6465148",5.2e+08,-33.3842,361.328
2024-05-31 23:55:26.987,"31.2830066,75.6465148",5.2e+08,-20.465,37.8418
2024-05-31 23:55:27.017,"31.2830066,75.6465148",6e+08,-33.8635,39.0625
2024-05-31 23:55:27.017,"31.2830066,75.6465148",6e+08,-23.1266,1544.19
2024-05-31 23:55:27.017,"31.2830066,75.6465148",6e+08,-12.7184,2279.05
2024-05-31 23:55:27.017,"31.2830066,75.6465148",6e+08,-21.5112,4918.21
2024-05-31 23:55:27.017,"31.2830066,75.6465148",6e+08,-25.2148,1290.28
2024-05-31 23:55:27.022,"31.2830066,75.6465148",6.2e+08,-31.0349,133.057
2024-05-31 23:55:27.022,"31.2830066,75.6465148",6.2e+08,-32.8165,30.5176
2024-05-31 23:55:27.022,"31.2830066,75.6465148",6.2e+08,-21.6788,37.8418
2024-05-31 23:55:27.363,"31.2830066,75.6465148",8e+07,-21.6931,1896.97
2024-05-31 23:55:27.363,"31.2830066,75.6465148",8e+07,-18.4176,36.6211
2024-05-31 23:55:27.363,"31.2830066,75.6465148",8e+07,-27.9201,20.752
2024-05-31 23:55:27.363,"31.2830066,75.6465148",8e+07,-16.1609,4763.18
2024-05-31 23:55:27.388,"31.2830066,75.6465148",1.4e+08,-31.4282,40.2832
2024-05-31 23:55:27.388,"31.2830066,75.6465148",1.4e+08,-34.9806,97.6562
2024-05-31 23:55:27.388,"31.2830066,75.6465148",1.4e+08,-29.8699,36.6211
2024-05-31 23:55:27.388,"31.2830066,75.6465148",1.4e+08,-37.075,111.084
2024-05-31 23:55:27.548,"31.2830066,75.6465148",1.8e+08,-28.402,81.7871
2024-05-31 23:55:27.549,"31.2830066,75.6465148",1.8e+08,-19.4121,37.8418
2024-05-31 23:55:27.549,"31.2830066,75.6465148",1.8e+08,-24.8452,1071.78
2024-05-31 23:55:27.569,"31.2830066,75.6465148",2.2e+08,-19.4793,3317.87
2024-05-31 23:55:27.574,"31.2830028,75.6465072",2.4e+08,-34.2822,40.2832
2024-05-31 23:55:27.574,"31.2830028,75.6465072",2.4e+08,-33.9952,46.3867
2024-05-31 23:55:27.574,"31.2830028,75.6465072",2.4e+08,-40.8552,39.0625
2024-05-31 23:55:27.574,"31.2830028,75.6465072",2.4e+08,-27.8891,1373.29
2024-05-31 23:55:27.574,"31.2830028,75.6465072",2.4e+08,-19.5494,39.0625
2024-05-31 23:55:27.574,"31.2830028,75.6465072",2.4e+08,-21.1199,1564.94
2024-05-31 23:55:27.579,"31.2830028,75.6465072",2.6e,0,2.2e+08,-28.2825,65.918
2024-05-31 23:55:28.694,"31.2830028,75.6465072",2.2e+08,-21.74,37.8418
2024-05-31 23:55:28.705,"31.2830028,75.6465072",2.6e+08,-27.6066,2637.94
2024-05-31 23:55:28.705,"31.2830028,75.6465072",2.6e+08,-21.505,1408.69
2024-05-31 23:55:28.705,"31.2830028,75.6465072",2.6e+08,-12.0083,6049.8
2024-05-31 23:55:28.705,"31.2830028,75.6465072",2.6e+08,-21.3993,3369.14
2024-05-31 23:55:28.861,"31.2830028,75.6465072",2.8e+08,-9.74943,7742.92
2024-05-31 23:55:28.861,"31.2830028,75.6465072",2.8e+08,-14.8177,4641.11
2024-05-31 23:55:28.865,"31.2830028,75.6465072",3e+08,-20.171,1472.17
2024-05-31 23:55:28.877,"31.2830028,75.6465072",3.2e+08,-23.5384,3529.05
2024-05-31 23:55:28.877,"31.2830028,75.6465072",3.2e+08,-36.4015,37.8418
2024-05-31 23:55:28.877,"31.2830028,75.6465072",3.2e+08,-34.2061,37.8418
2024-05-31 23:55:28.889,"31.2830028,75.6465072",3.4e+08,-30.1874,234.375
2024-05-31 23:55:28.890,"31.2830028,75.6465072",3.4e+08,-37.4116,1015.62
2024-05-31 23:55:28.900,"31.2830028,75.6465072",3.8e+08,-33.5978,91.5527
2024-05-31 23:55:28.900,"31.2830028,75.6465072",3.8e+08,-32.7869,167.236
2024-05-31 23:55:28.900,"31.2830028,75.6465072",3.8e+08,-28.4428,1311.04
2024-05-31 23:55:29.056,"31.2830028,75.6465072",4e+08,-40.1259,37.8418
2024-05-31 23:55:29.060,"31.2830028,75.6465072",4.2e+08,-30.7486,37.8418
2024-05-31 23:55:29.072,"31.2830028,75.6465072",4.4e+08,-23.3368,1687.01
2024-05-31 23:55:29.072,"31.2830028,75.6465072",4.4e+08,-18.3365,11103.5
2024-05-31 23:55:29.087,"31.2830028,75.6465072",4.6e+08,-33.3626,43.9453
2024-05-31 23:55:29.093,"31.2830028,75.6465072",4.8e+08,-32.2484,36.6211
2024-05-31 23:55:29.093,"31.2830028,75.6465072",4.8e+08,-29.8446,4017.33
2024-05-31 23:55:29.093,"31.2830028,75.6465072",4.8e+08,-19.4576,703.125
2024-05-31 23:55:29.093,"31.2830028,75.6465072",4.8e+08,-21.207,39.0625
2024-05-31 23:55:29.093,"31.2830028,75.6465072",4.8e+08,-15.2438,39.0625
2024-05-31 23:55:29.093,"31.2830028,75.6465072",4.8e+08,-17.543,39.0625
2024-05-31 23:55:29.098,"31.2830028,75.6465072",5e+08,-13.7825,4586.18
2024-05-31 23:55:29.254,"31.2830028,75.6465072",5.2e+08,-27.2549,68.3594
2024-05-31 23:55:29.254,"31.2830028,75.6465072",5.2e+08,-39.7536,89.1113
2024-05-31 23:55:29.254,"31.2830028,75.6465072",5.2e+08,-36.3856,14.6484
2024-05-31 23:55:29.254,"31.2830028,75.6465072",5.2e+08,-21.2245,1445.31
2024-05-31 23:55:29.258,"31.2830028,75.6465072",5.4e+08,-30.5459,74.4629
2024-05-31 23:55:29.258,"31.2830028,75.6465072",5.4e+08,-20.0126,1687.01
2024-05-31 23:55:29.258,"31.2830028,75.6465072",5.4e+08,-10.3532,11142.6
2024-05-31 23:55:29.277,"31.2830028,75.6465072",5.6e+08,-33.1049,35.4004
2024-05-31 23:55:29.277,"31.2830028,75.6465072",5.6e+08,-20.672,1463.62
2024-05-31 23:55:29.277,"31.2830028,75.6465072",5.6e+08,-11.8122,5946.04
2024-05-31 23:55:29.277,"31.2830028,75.6465072",5.6e+08,-14.5762,4945.07
2024-05-31 23:55:29.290,"31.2830028,75.6465072",5.8e+08,-15.1362,2163.09
2024-05-31 23:55:29.295,"31.2830028,75.6465072",6e+08,-13.2892,2105.71
2024-05-31 23:55:29.295,"31.2830028,75.6465072",6e+08,-30.4149,1455.08
2024-05-31 23:55:29.301,"31.2830028,75.6465072",6.2e+08,-33.4948,45.166
2024-05-31 23:55:29.457,"31.2830028,75.6465072",6.4e+08,-34.4658,20.752
2024-05-31 23:55:29.457,"31.2830028,75.6465072",6.4e+08,-22.163,1313.48
2024-05-31 23:55:29.457,"31.2830028,75.6465072",6.4e+08,-10.7575,6081.54
2024-05-31 23:55:29.457,"31.2830028,75.6465072",6.4e+08,-15.906,4779.05
2024-05-31 23:55:29.611,"31.2830028,75.6465072",4e+07,-21.1721,133.057
2024-05-31 23:55:29.611,"31.2830028,75.6465072",4e+07,-22.5781,1529.54
2024-05-31 23:55:29.627,"31.2830028,75.6465072",6e+07,-21.3909,37.8418
2024-05-31 23:55:29.627,"31.2830028,75.6465072",6e+07,-31.3791,36.6211
2024-05-31 23:55:29.627,"31.2830028,75.6465072",6e+07,-25.1844,32.959
2024-05-31 23:55:29.638,"31.2830028,75.6465072",1e+08,-19.1501,1619.87
2024-05-31 23:55:29.803,"31.2830028,75.6465072",1.6e+08,-34.4167,32.959
2024-05-31 23:55:29.803,"31.2830028,75.6465072",1.6e+08,-30.7295,36.6211
2024-05-31 23:55:29.803,"31.2830028,75.6465072",1.6e+08,-29.1521,15.8691
2024-05-31 23:55:29.808,"31.2830028,75.6465072",1.8e+08,-10.0481,7468.26
2024-05-31 23:55:29.808,"31.2830028,75.6465072",1.8e+08,-14.5712,4753.42
2024-05-31 23:55:29.857,"31.2830028,75.6465072",2.4e+08,-30.8266,35.4004
2024-05-31 23:55:29.857,"31.2830028,75.6465072",2.4e+08,-10.1027,13004.2
2024-05-31 23:55:29.862,"31.2830028,75.6465072",2.6e+08,-8.24159,12683.1
2024-05-31 23:55:29.862,"31.2830028,75.6465072",2.6e+08,-24.1436,1361.08
2024-05-31 23:55:30.018,"31.2830028,75.6465072",2.8e+08,-19.3582,1519.78
2024-05-31 23:55:30.018,"31.2830028,75.6465072",2.8e+08,-9.73875,5963.13
2024-05-31 23:55:30.022,"31.2830028,75.6465072",3e+08,-31.008,427.246
2024-05-31 23:55:30.022,"31.2830028,75.6465072",3e+08,-29.6544,37.8418
2024-05-31 23:55:30.022,"31.2830028,75.6465072",3e+08,-30.6698,52.4902
2024-05-31 23:55:30.050,"31.2830028,75.6465072",3.2e+08,-26.5547,37.8418
2024-05-31 23:55:30.061,"31.2830028,75.6465072",3.6e+08,-11.3607,5848.39
2024-05-31 23:55:30.061,"31.2830028,75.6465072",3.6e+08,-14.1821,5036.62
2024-05-31 23:55:30.065,"31.2830028,75.6465072",3.8e+08,-32.0619,39.0625
2024-05-31 23:55:30.065,"31.2830028,75.6465072",3.8e+08,-38.3537,43.9453
2024-05-31 23:55:30.065,"31.2830028,75.6465072",3.8e+08,-32.4679,356.445
2024-05-31 23:55:30.065,"31.2830028,75.6465072",3.8e+08,-26.2393,37.8418
2024-05-31 23:55:30.221,"31.2830028,75.6465072",4e+08,-28.5388,37.8418
2024-05-31 23:55:30.221,"31.2830028,75.6465072",4e+08,-36.1486,5371.09
2024-05-31 23:55:30.226,"31.2830028,75.6465072",4.2e+08,-34.7342,39.0625
2024-05-31 23:55:30.243,"31.2830028,75.6465072",4.4e+08,-9.78441,2064.21
2024-05-31 23:55:30.250,"31.2830028,75.6465072",4.6e+08,-38.0356,114.746
2024-05-31 23:55:30.250,"31.2830028,75.6465072",4.6e+08,-36.9356,36.6211
2024-05-31 23:55:30.250,"31.2830028,75.6465072",4.6e+08,-29.4135,85.4492
2024-05-31 23:55:30.260,"31.2830028,75.6465072",5e+08,-7.27062,2202.15
2024-05-31 23:55:30.416,"31.2830028,75.6465072",5.2e+08,-30.3478,39.0625
2024-05-31 23:55:30.421,"31.2830028,75.6465072",5.4e+08,-36.206,37.8418
2024-05-31 23:55:30.421,"31.2830028,75.6465072",5.4e+08,-26.0533,37.8418
2024-05-31 23:55:30.436,"31.2830028,75.6465072",5.6e+08,-9.76203,6038.82
2024-05-31 23:55:30.436,"31.2830028,75.6465072",5.6e+08,-20.402,3350.83
2024-05-31 23:55:30.441,"31.2830028,75.6465072",5.8e+08,-29.1508,37.8418
2024-05-31 23:55:30.447,"31.2830028,75.6465072",6e+08,-28.2103,39.0625
2024-05-31 23:55:30.453,"31.2830028,75.6465072",6.2e+08,-30.7856,20.752
2024-05-31 23:55:30.453,"31.2830028,75.6465072",6.2e+08,-21.6479,1661.38
2024-05-31 23:55:30.453,"31.2830028,75.6465072",6.2e+08,-8.79539,2128.91
2024-05-31 23:55:30.453,"31.2830028,75.6465072",6.2e+08,-18.3106,4769.29
2024-05-31 23:55:30.608,"31.2830028,75.6465072",6.4e+08,-37.25,90.332
2024-05-31 23:55:30.608,"31.2830028,75.6465072",6.4e+08,-37.9385,292.969
2024-05-31 23:55:30.608,"31.2830028,75.6465072",6.4e+08,-31.8326,24.4141
2024-05-31 23:55:30.608,"31.2830028,75.6465072",6.4e+08,-26.4982,37.8418
2024-05-31 23:55:30.608,"31.2830028,75.6465072",6.4e+08,-37.862,39.0625
2024-05-31 23:55:30.777,"31.2830028,75.6465072",6e+07,-27.8224,37.8418
2024-05-31 23:55:30.782,"31.2830028,75.6465072",8e+07,-30.8231,36.6211
2024-05-31 23:55:30.788,"31.2830028,75.6465072",1e+08,-42.5546,34.1797
2024-05-31 23:55:30.788,"31.2830028,75.6465072",1e+08,-30.605,1160.89
2024-05-31 23:55:30.788,"31.2830028,75.6465072",1e+08,-22.2913,6077.88
2024-05-31 23:55:30.788,"31.2830028,75.6465072",1e+08,-32.1613,125.732
2024-05-31 23:55:30.788,"31.2830028,75.6465072",1e+08,-29.8885,72.0215
2024-05-31 23:55:30.792,"31.2830028,75.6465072",1.2e+08,-19.7339,39.0625
2024-05-31 23:55:30.958,"31.2830028,75.6465072",1.8e+08,-34.4005,39.0625
2024-05-31 23:55:30.976,"31.2830028,75.6465072",2.2e+08,-24.4469,45.166
2024-05-31 23:55:30.976,"31.2830028,75.6465072",2.2e+08,-20.9398,39.0625
2024-05-31 23:55:30.976,"31.2830028,75.6465072",2.2e+08,-22.3533,36.6211
2024-05-31 23:55:30.976,"31.2830028,75.6465072",2.2e+08,-17.3307,37.8418
2024-05-31 23:55:30.989,"31.2830028,75.6465072",2.4e+08,-19.4634,37.8418
2024-05-31 23:55:30.989,"31.2830028,75.6465072",2.4e+08,-30.0299,986.328
2024-05-31 23:55:31.151,"31.2830028,75.6465072",2.8e+08,-32.4034,37.8418
2024-05-31 23:55:31.178,"31.2830028,75.6465072",3.6e+08,-10.2121,7716.06
2024-05-31 23:55:31.178,"31.2830028,75.6465072",3.6e+08,-13.6859,5023.19
2024-05-31 23:55:31.192,"31.2830028,75.6465072",3.8e+08,-33.026,589.6
2024-05-31 23:55:31.192,"31.2830028,75.6465072",3.8e+08,-26.4785,37.8418
2024-05-31 23:55:31.348,"31.2830028,75.6465072",4e+08,-33.3814,34.1797
2024-05-31 23:55:31.348,"31.2830028,75.6465072",4e+08,-26.0107,1995.85
2024-05-31 23:55:31.371,"31.2830028,75.6465072",4.4e+08,-32.5175,62.2559
2024-05-31 23:55:31.371,"31.2830028,75.6465072",4.4e+08,-31.6727,428.467
2024-05-31 23:55:31.371,"31.2830028,75.6465072",4.4e+08,-31.352,75.6836
2024-05-31 23:55:31.371,"31.2830028,75.6465072",4.4e+08,-29.9829,1260.99
2024-05-31 23:55:31.372,"31.2830028,75.6465072",4.4e+08,-21.6764,37.8418
2024-05-31 23:55:31.377,"31.2830028,75.6465072",4.6e+08,-30.7783,42.7246
2024-05-31 23:55:31.377,"31.2830028,75.6465072",4.6e+08,-19.6053,37.8418
2024-05-31 23:55:31.393,"31.2830028,75.6465072",4.8e+08,-10.5666,5843.51
2024-05-31 23:55:31.398,"31.2830028,75.6465072",5e+08,-30.288,40.2832
2024-05-31 23:55:31.398,"31.2830028,75.6465072",5e+08,-23.5557,37.8418
2024-05-31 23:55:31.556,"31.2830028,75.6465072",5.2e+08,-24.3648,37.8418
2024-05-31 23:55:31.578,"31.2830028,75.6465072",5.8e+08,-28.7367,1273.19
2024-05-31 23:55:31.578,"31.2830028,75.6465072",5.8e+08,-33.9249,402.832
2024-05-31 23:55:31.593,"31.2830028,75.6465072",6e+08,-16.0257,2114.26
2024-05-31 23:55:31.754,"31.2830028,75.6465072",6.4e+08,-30.9362,59.8145
2024-05-31 23:55:31.754,"31.2830028,75.6465072",6.4e+08,-30.1263,36.6211
2024-05-31 23:55:31.754,"31.2830028,75.6465072",6.4e+08,-20.8296,1506.35
2024-05-31 23:55:31.923,"31.2830028,75.6465072",6e+07,-23.7712,36.6211
2024-05-31 23:55:31.923,"31.2830028,75.6465072",6e+07,-30.2892,36.6211
2024-05-31 23:55:31.929,"31.2830028,75.6465072",8e+07,-22.0851,37.8418
2024-05-31 23:55:31.935,"31.2830028,75.6465072",1e+08,-9.16678,7711.18
2024-05-31 23:55:31.939,"31.2830028,75.6465072",1.2e+08,-28.3811,1966.55
2024-05-31 23:55:31.939,"31.2830028,75.6465072",1.2e+08,-22.1132,2089.84
2024-05-31 23:55:32.106,"31.2830028,75.6465072",1.8e+08,-25.0354,2670.9
2024-05-31 23:55:32.106,"31.2830028,75.6465072",1.8e+08,-18.5393,4823
2024-05-31 23:55:32.118,"31.2830028,75.6465072",2e+08,-27.986,37.8418
2024-05-31 23:55:32.124,"31.2830028,75.6465072",2.2e+08,-27.5646,2640.38
2024-05-31 23:55:32.130,"31.2830028,75.6465072",2.4e+08,-29.154,30.5176
2024-05-31 23:55:32.130,"31.2830028,75.6465072",2.4e+08,-35.9257,36.6211
2024-05-31 23:55:32.130,"31.2830028,75.6465072",2.4e+08,-18.0085,7818.6
2024-05-31 23:55:32.144,"31.2830028,75.6465072",2.6e+08,-22.3553,37.8418
2024-05-31 23:55:32.301,"31.2830028,75.6465072",2.8e+08,-34.6826,46.3867
2024-05-31 23:55:32.301,"31.2830028,75.6465072",2.8e+08,-40.7084,41.5039
2024-05-31 23:55:32.301,"31.2830028,75.6465072",2.8e+08,-38.6687,109.863
2024-05-31 23:55:32.301,"31.2830028,75.6465072",2.8e+08,-36.2013,28.0762
2024-05-31 23:55:32.301,"31.2830028,75.6465072",2.8e+08,-38.9516,208.74
2024-05-31 23:55:32.301,"31.2830028,75.6465072",2.8e+08,-38.1791,152.588
2024-05-31 23:55:32.301,"31.2830028,75.6465072",2.8e+08,-32.4559,1335.45
2024-05-31 23:55:32.351,"31.2830028,75.6465072",3.8e+08,-17.6531,1672.36
2024-05-31 23:55:32.351,"31.2830028,75.6465072",3.8e+08,-13.1569,4830.32
2024-05-31 23:55:32.507,"31.2830028,75.6465072",4e+08,-29.4712,51.2695
2024-05-31 23:55:32.507,"31.2830028,75.6465072",4e+08,-32.8875,21.9727
2024-05-31 23:55:32.507
